,Target Window,Target Window,Target Window,Target Window,Target Window
,Start Date,Start Time,End Date,End Time,Total Mins
0,2024-01-01,09:38:01,2024-01-01,10:26:19,48.3
1,2024-01-02,09:34:05,2024-01-02,10:22:23,48.3
2,2024-01-03,09:30:09,2024-01-03,10:18:27,48.3
3,2024-01-04,09:26:13,2024-01-04,10:14:31,48.3
4,2024-01-05,09:22:17,2024-01-05,10:10:35,48.3
5,2024-01-06,09:18:21,2024-01-06,10:06:39,48.3
6,2024-01-07,09:14:25,2024-01-07,10:02:44,48.31666666666667
7,2024-01-08,09:10:29,2024-01-08,09:58:48,48.31666666666667
8,2024-01-09,09:06:33,2024-01-09,09:54:52,48.31666666666667
9,2024-01-10,09:02:37,2024-01-10,09:50:56,48.31666666666667
10,2024-01-11,08:58:41,2024-01-11,09:47:00,48.31666666666667
11,2024-01-12,08:54:45,2024-01-12,09:43:04,48.31666666666667
12,2024-01-13,08:50:49,2024-01-13,09:39:08,48.31666666666667
13,2024-01-14,08:46:54,2024-01-14,09:35:12,48.3
14,2024-01-15,08:42:58,2024-01-15,09:31:16,48.3
15,2024-01-16,08:39:02,2024-01-16,09:27:20,48.3
16,2024-01-17,08:35:06,2024-01-17,09:23:24,48.3
17,2024-01-18,08:31:10,2024-01-18,09:19:28,48.3
18,2024-01-19,08:27:14,2024-01-19,09:15:32,48.3
19,2024-01-20,08:23:18,2024-01-20,09:11:37,48.31666666666667
20,2024-01-21,08:19:22,2024-01-21,09:07:41,48.31666666666667
21,2024-01-22,08:15:26,2024-01-22,09:03:45,48.31666666666667
22,2024-01-23,08:11:30,2024-01-23,08:59:49,48.31666666666667
23,2024-01-24,08:07:34,2024-01-24,08:55:53,48.31666666666667
24,2024-01-25,08:03:38,2024-01-25,08:51:57,48.31666666666667
25,2024-01-26,07:59:42,2024-01-26,08:48:01,48.31666666666667
26,2024-01-27,07:55:47,2024-01-27,08:44:05,48.3
27,2024-01-28,07:51:51,2024-01-28,08:40:09,48.3
28,2024-01-29,07:47:55,2024-01-29,08:36:13,48.3
29,2024-01-30,07:43:59,2024-01-30,08:32:17,48.3
30,2024-01-31,07:40:03,2024-01-31,08:28:21,48.3
31,2024-02-01,07:36:07,2024-02-01,08:24:25,48.3
32,2024-02-02,07:32:11,2024-02-02,08:20:29,48.3
33,2024-02-03,07:28:15,2024-02-03,08:16:34,48.31666666666667
34,2024-02-04,07:24:19,2024-02-04,08:12:38,48.31666666666667
35,2024-02-05,07:20:23,2024-02-05,08:08:42,48.31666666666667
36,2024-02-06,07:16:27,2024-02-06,08:04:46,48.31666666666667
37,2024-02-07,07:12:31,2024-02-07,08:00:50,48.31666666666667
38,2024-02-08,07:08:35,2024-02-08,07:56:54,48.31666666666667
39,2024-02-09,07:04:39,2024-02-09,07:52:58,48.31666666666667
40,2024-02-10,07:00:44,2024-02-10,07:49:02,48.3
41,2024-02-11,06:56:48,2024-02-11,07:45:06,48.3
42,2024-02-12,06:52:52,2024-02-12,07:41:10,48.3
43,2024-02-13,06:48:56,2024-02-13,07:37:14,48.3
44,2024-02-14,06:45:00,2024-02-14,07:33:18,48.3
45,2024-02-15,06:41:04,2024-02-15,07:29:22,48.3
46,2024-02-16,06:37:08,2024-02-16,07:25:27,48.31666666666667
47,2024-02-17,06:33:12,2024-02-17,07:21:31,48.31666666666667
48,2024-02-18,06:29:16,2024-02-18,07:17:35,48.31666666666667
49,2024-02-19,06:25:20,2024-02-19,07:13:39,48.31666666666667
50,2024-02-20,06:21:24,2024-02-20,07:09:43,48.31666666666667
51,2024-02-21,06:17:28,2024-02-21,07:05:47,48.31666666666667
52,2024-02-22,06:13:32,2024-02-22,07:01:51,48.31666666666667
53,2024-02-23,06:09:37,2024-02-23,06:57:55,48.3
54,2024-02-24,06:05:41,2024-02-24,06:53:59,48.3
55,2024-02-25,06:01:45,2024-02-25,06:50:03,48.3
56,2024-02-26,05:57:49,2024-02-26,06:46:07,48.3
57,2024-02-27,05:53:53,2024-02-27,06:42:11,48.3
58,2024-02-28,05:49:57,2024-02-28,06:38:15,48.3
59,2024-02-29,05:46:01,2024-02-29,06:34:20,48.31666666666667
60,2024-03-01,05:42:05,2024-03-01,06:30:24,48.31666666666667
61,2024-03-02,05:38:09,2024-03-02,06:26:28,48.31666666666667
62,2024-03-03,05:34:13,2024-03-03,06:22:32,48.31666666666667
63,2024-03-04,05:30:17,2024-03-04,06:18:36,48.31666666666667
64,2024-03-05,05:26:21,2024-03-05,06:14:40,48.31666666666667
65,2024-03-06,05:22:25,2024-03-06,06:10:44,48.31666666666667
66,2024-03-07,05:18:30,2024-03-07,06:06:48,48.3
67,2024-03-08,05:14:34,2024-03-08,06:02:52,48.3
68,2024-03-09,05:10:38,2024-03-09,05:58:56,48.3
69,2024-03-10,05:06:42,2024-03-10,05:55:00,48.3
70,2024-03-11,05:02:46,2024-03-11,05:51:04,48.3
71,2024-03-12,04:58:50,2024-03-12,05:47:09,48.31666666666667
72,2024-03-13,04:54:54,2024-03-13,05:43:13,48.31666666666667
73,2024-03-14,04:50:58,2024-03-14,05:39:17,48.31666666666667
74,2024-03-15,04:47:02,2024-03-15,05:35:21,48.31666666666667
75,2024-03-16,04:43:06,2024-03-16,05:31:25,48.31666666666667
76,2024-03-17,04:39:10,2024-03-17,05:27:29,48.31666666666667
77,2024-03-18,04:35:14,2024-03-18,05:23:33,48.31666666666667
78,2024-03-19,04:31:19,2024-03-19,05:19:37,48.3
79,2024-03-20,04:27:23,2024-03-20,05:15:41,48.3
80,2024-03-21,04:23:27,2024-03-21,05:11:45,48.3
81,2024-03-22,04:19:31,2024-03-22,05:07:49,48.3
82,2024-03-23,04:15:35,2024-03-23,05:03:53,48.3
83,2024-03-24,04:11:39,2024-03-24,04:59:58,48.31666666666667
84,2024-03-25,04:07:43,2024-03-25,04:56:02,48.31666666666667
85,2024-03-26,04:03:47,2024-03-26,04:52:06,48.31666666666667
86,2024-03-27,03:59:51,2024-03-27,04:48:10,48.31666666666667
87,2024-03-28,03:55:55,2024-03-28,04:44:14,48.31666666666667
88,2024-03-29,03:51:59,2024-03-29,04:40:18,48.31666666666667
89,2024-03-30,03:48:03,2024-03-30,04:36:22,48.31666666666667
