File Name, OpMode, Test Events, HLED Events, Forced Events
Merged_CoBo0_AsAd0_2026-03-11T01:21:58.451_0000.root,0,0,43,0
Merged_CoBo0_AsAd0_2026-03-11T01:23:04.384_0000.root,0,0,97,0
Merged_CoBo0_AsAd0_2026-03-11T01:25:04.385_0000.root,0,0,97,0
Merged_CoBo0_AsAd0_2026-03-11T01:27:04.384_0000.root,0,0,97,0
Merged_CoBo0_AsAd0_2026-03-11T01:29:04.384_0000.root,0,0,97,0
Merged_CoBo0_AsAd0_2026-03-11T01:31:04.384_0000.root,0,0,97,0
Merged_CoBo0_AsAd0_2026-03-11T01:33:04.384_0000.root,0,0,97,0
Merged_CoBo0_AsAd0_2026-03-11T01:35:04.384_0000.root,0,0,97,0
Merged_CoBo0_AsAd0_2026-03-11T01:37:04.384_0000.root,0,0,97,0
Merged_CoBo0_AsAd0_2026-03-11T01:39:04.385_0000.root,0,0,97,0
Merged_CoBo0_AsAd0_2026-03-11T01:41:04.384_0000.root,0,0,75,0
Merged_CoBo0_AsAd0_2026-03-11T02:37:53.337_0000.root,0,0,48,0
Merged_CoBo0_AsAd0_2026-03-11T02:39:04.267_0000.root,6,44,70,0
Merged_CoBo0_AsAd0_2026-03-11T02:41:04.267_0000.root,3,22,97,0
Merged_CoBo0_AsAd0_2026-03-11T02:43:04.268_0000.root,3,30,97,0
Merged_CoBo0_AsAd0_2026-03-11T02:45:04.268_0000.root,3,31,97,0
Merged_CoBo0_AsAd0_2026-03-11T02:47:04.268_0000.root,3,25,97,0
Merged_CoBo0_AsAd0_2026-03-11T02:49:03.837_0000.root,3,23,97,0
Merged_CoBo0_AsAd0_2026-03-11T02:51:04.268_0000.root,3,21,97,0
Merged_CoBo0_AsAd0_2026-03-11T02:53:04.152_0000.root,3,33,97,0
Merged_CoBo0_AsAd0_2026-03-11T02:55:04.268_0000.root,3,31,96,0
Merged_CoBo0_AsAd0_2026-03-11T02:57:04.268_0000.root,3,34,97,0
Merged_CoBo0_AsAd0_2026-03-11T02:59:04.269_0000.root,3,35,97,0
Merged_CoBo0_AsAd0_2026-03-11T03:01:03.961_0000.root,3,33,97,0
Merged_CoBo0_AsAd0_2026-03-11T03:03:04.269_0000.root,3,37,97,0
Merged_CoBo0_AsAd0_2026-03-11T03:05:03.891_0000.root,3,42,97,0
Merged_CoBo0_AsAd0_2026-03-11T03:07:04.410_0000.root,3,38,97,0
Merged_CoBo0_AsAd0_2026-03-11T03:09:04.270_0000.root,3,36,95,0
Merged_CoBo0_AsAd0_2026-03-11T03:11:04.269_0000.root,1,72,95,0
Merged_CoBo0_AsAd0_2026-03-11T03:13:04.270_0000.root,1,133,48,0
Merged_CoBo0_AsAd0_2026-03-11T03:15:04.270_0000.root,1,99,1,0
Merged_CoBo0_AsAd0_2026-03-11T03:17:04.269_0000.root,1,162,26,0
Merged_CoBo0_AsAd0_2026-03-11T03:19:04.269_0000.root,1,166,3,0
Merged_CoBo0_AsAd0_2026-03-11T03:21:04.269_0000.root,1,119,46,0
Merged_CoBo0_AsAd0_2026-03-11T03:23:04.269_0000.root,1,110,44,0
Merged_CoBo0_AsAd0_2026-03-11T03:25:04.267_0000.root,1,55,86,0
Merged_CoBo0_AsAd0_2026-03-11T03:27:04.269_0000.root,1,170,4,0
Merged_CoBo0_AsAd0_2026-03-11T03:29:04.270_0000.root,1,32,97,0
Merged_CoBo0_AsAd0_2026-03-11T03:31:04.270_0000.root,1,146,27,0
Merged_CoBo0_AsAd0_2026-03-11T03:33:04.270_0000.root,1,31,1,0
Merged_CoBo0_AsAd0_2026-03-11T03:35:04.339_0000.root,1,41,97,0
Merged_CoBo0_AsAd0_2026-03-11T03:37:04.270_0000.root,1,40,97,0
Merged_CoBo0_AsAd0_2026-03-11T03:39:04.270_0000.root,1,57,97,0
Merged_CoBo0_AsAd0_2026-03-11T03:41:04.270_0000.root,1,38,97,0
Merged_CoBo0_AsAd0_2026-03-11T03:43:04.270_0000.root,1,51,97,0
Merged_CoBo0_AsAd0_2026-03-11T03:45:04.231_0000.root,1,53,96,0
Merged_CoBo0_AsAd0_2026-03-11T03:47:04.271_0000.root,1,43,97,0
Merged_CoBo0_AsAd0_2026-03-11T03:49:04.271_0000.root,1,39,97,0
Merged_CoBo0_AsAd0_2026-03-11T03:51:04.271_0000.root,1,77,17,0
Merged_CoBo0_AsAd0_2026-03-11T03:53:04.155_0000.root,1,51,0,0
Merged_CoBo0_AsAd0_2026-03-11T03:55:03.921_0000.root,1,72,1,0
Merged_CoBo0_AsAd0_2026-03-11T03:57:04.335_0000.root,1,41,97,0
Merged_CoBo0_AsAd0_2026-03-11T03:59:04.271_0000.root,1,32,97,0
Merged_CoBo0_AsAd0_2026-03-11T04:01:04.271_0000.root,1,87,73,0
Merged_CoBo0_AsAd0_2026-03-11T04:03:03.987_0000.root,1,112,2,0
Merged_CoBo0_AsAd0_2026-03-11T04:05:04.271_0000.root,1,189,8,0
Merged_CoBo0_AsAd0_2026-03-11T04:07:04.271_0000.root,1,45,97,0
Merged_CoBo0_AsAd0_2026-03-11T04:09:04.342_0000.root,1,43,97,0
Merged_CoBo0_AsAd0_2026-03-11T04:11:04.272_0000.root,1,38,97,0
Merged_CoBo0_AsAd0_2026-03-11T04:13:04.273_0000.root,1,40,97,0
Merged_CoBo0_AsAd0_2026-03-11T04:15:04.272_0000.root,1,43,97,0
Merged_CoBo0_AsAd0_2026-03-11T04:17:04.272_0000.root,1,32,96,0
Merged_CoBo0_AsAd0_2026-03-11T04:19:04.272_0000.root,1,38,97,0
Merged_CoBo0_AsAd0_2026-03-11T04:21:04.272_0000.root,1,37,97,0
Merged_CoBo0_AsAd0_2026-03-11T04:23:04.272_0000.root,1,52,97,0
Merged_CoBo0_AsAd0_2026-03-11T04:25:04.093_0000.root,1,42,97,0
Merged_CoBo0_AsAd0_2026-03-11T04:27:04.272_0000.root,1,47,97,0
Merged_CoBo0_AsAd0_2026-03-11T04:29:04.273_0000.root,1,35,97,0
Merged_CoBo0_AsAd0_2026-03-11T04:31:04.273_0000.root,1,46,93,0
Merged_CoBo0_AsAd0_2026-03-11T04:33:04.273_0000.root,1,139,16,0
Merged_CoBo0_AsAd0_2026-03-11T04:35:04.273_0000.root,1,23,97,0
Merged_CoBo0_AsAd0_2026-03-11T04:37:04.273_0000.root,1,36,97,0
Merged_CoBo0_AsAd0_2026-03-11T04:39:04.272_0000.root,1,134,11,0
Merged_CoBo0_AsAd0_2026-03-11T04:41:04.165_0000.root,1,41,96,0
Merged_CoBo0_AsAd0_2026-03-11T04:43:04.272_0000.root,1,32,97,0
Merged_CoBo0_AsAd0_2026-03-11T04:45:04.272_0000.root,1,41,97,0
Merged_CoBo0_AsAd0_2026-03-11T04:47:04.272_0000.root,1,30,97,0
Merged_CoBo0_AsAd0_2026-03-11T04:49:04.272_0000.root,1,71,72,0
Merged_CoBo0_AsAd0_2026-03-11T04:51:04.271_0000.root,1,52,90,0
Merged_CoBo0_AsAd0_2026-03-11T04:53:04.272_0000.root,1,38,97,0
Merged_CoBo0_AsAd0_2026-03-11T04:55:04.271_0000.root,1,32,97,0
Merged_CoBo0_AsAd0_2026-03-11T04:57:04.271_0000.root,1,44,97,0
Merged_CoBo0_AsAd0_2026-03-11T04:59:04.225_0000.root,1,43,97,0
Merged_CoBo0_AsAd0_2026-03-11T05:01:04.386_0000.root,1,45,97,0
Merged_CoBo0_AsAd0_2026-03-11T05:03:03.926_0000.root,1,31,97,0
Merged_CoBo0_AsAd0_2026-03-11T05:05:04.271_0000.root,1,41,97,0
Merged_CoBo0_AsAd0_2026-03-11T05:07:04.271_0000.root,1,39,97,0
Merged_CoBo0_AsAd0_2026-03-11T05:09:04.108_0000.root,1,47,96,0
Merged_CoBo0_AsAd0_2026-03-11T05:11:04.271_0000.root,1,44,97,0
Merged_CoBo0_AsAd0_2026-03-11T05:13:04.271_0000.root,1,36,97,0
Merged_CoBo0_AsAd0_2026-03-11T05:15:04.271_0000.root,1,36,97,0
Merged_CoBo0_AsAd0_2026-03-11T05:17:04.270_0000.root,1,39,97,0
Merged_CoBo0_AsAd0_2026-03-11T05:19:03.985_0000.root,1,36,96,0
Merged_CoBo0_AsAd0_2026-03-11T05:21:04.270_0000.root,1,31,97,0
Merged_CoBo0_AsAd0_2026-03-11T05:23:04.270_0000.root,1,36,97,0
Merged_CoBo0_AsAd0_2026-03-11T05:25:04.270_0000.root,1,48,96,0
Merged_CoBo0_AsAd0_2026-03-11T05:27:04.108_0000.root,1,33,97,0
Merged_CoBo0_AsAd0_2026-03-11T05:29:04.270_0000.root,1,34,97,0
Merged_CoBo0_AsAd0_2026-03-11T05:31:04.270_0000.root,1,41,96,0
Merged_CoBo0_AsAd0_2026-03-11T05:33:04.270_0000.root,1,29,97,0
Merged_CoBo0_AsAd0_2026-03-11T05:35:04.269_0000.root,1,46,97,0
Merged_CoBo0_AsAd0_2026-03-11T05:37:04.270_0000.root,1,32,97,0
Merged_CoBo0_AsAd0_2026-03-11T05:39:04.014_0000.root,1,43,97,0
Merged_CoBo0_AsAd0_2026-03-11T05:41:04.270_0000.root,1,37,97,0
Merged_CoBo0_AsAd0_2026-03-11T05:43:04.270_0000.root,1,66,83,0
Merged_CoBo0_AsAd0_2026-03-11T05:45:04.270_0000.root,1,129,34,0
Merged_CoBo0_AsAd0_2026-03-11T05:47:04.269_0000.root,1,31,97,0
Merged_CoBo0_AsAd0_2026-03-11T05:49:04.269_0000.root,1,38,97,0
Merged_CoBo0_AsAd0_2026-03-11T05:51:04.269_0000.root,1,33,97,0
Merged_CoBo0_AsAd0_2026-03-11T05:53:04.120_0000.root,1,44,97,0
Merged_CoBo0_AsAd0_2026-03-11T05:55:04.067_0000.root,1,43,97,0
Merged_CoBo0_AsAd0_2026-03-11T05:57:04.268_0000.root,1,40,97,0
Merged_CoBo0_AsAd0_2026-03-11T05:59:04.207_0000.root,1,39,97,0
Merged_CoBo0_AsAd0_2026-03-11T06:01:03.961_0000.root,1,45,97,0
Merged_CoBo0_AsAd0_2026-03-11T06:03:04.268_0000.root,1,37,96,0
Merged_CoBo0_AsAd0_2026-03-11T06:05:04.336_0000.root,1,35,97,0
Merged_CoBo0_AsAd0_2026-03-11T06:07:04.267_0000.root,1,35,97,0
Merged_CoBo0_AsAd0_2026-03-11T06:09:04.190_0000.root,1,31,97,0
Merged_CoBo0_AsAd0_2026-03-11T06:11:04.267_0000.root,1,31,97,0
Merged_CoBo0_AsAd0_2026-03-11T06:13:04.267_0000.root,1,38,97,0
Merged_CoBo0_AsAd0_2026-03-11T06:15:04.267_0000.root,1,27,97,0
Merged_CoBo0_AsAd0_2026-03-11T06:17:04.112_0000.root,1,41,97,0
Merged_CoBo0_AsAd0_2026-03-11T06:19:04.267_0000.root,1,47,97,0
Merged_CoBo0_AsAd0_2026-03-11T06:21:03.999_0000.root,1,51,97,0
Merged_CoBo0_AsAd0_2026-03-11T06:23:04.331_0000.root,1,45,97,0
Merged_CoBo0_AsAd0_2026-03-11T06:25:04.266_0000.root,1,34,97,0
Merged_CoBo0_AsAd0_2026-03-11T06:27:04.266_0000.root,1,35,97,0
Merged_CoBo0_AsAd0_2026-03-11T06:29:03.931_0000.root,1,37,97,0
Merged_CoBo0_AsAd0_2026-03-11T06:31:04.265_0000.root,1,27,35,0
Merged_CoBo0_AsAd0_2026-03-11T06:33:04.267_0000.root,1,55,1,0
Merged_CoBo0_AsAd0_2026-03-11T06:35:03.962_0000.root,1,36,1,0
Merged_CoBo0_AsAd0_2026-03-11T06:37:04.334_0000.root,1,47,97,0
Merged_CoBo0_AsAd0_2026-03-11T06:39:04.264_0000.root,1,47,97,0
Merged_CoBo0_AsAd0_2026-03-11T06:41:04.101_0000.root,1,31,97,0
Merged_CoBo0_AsAd0_2026-03-11T06:43:04.264_0000.root,1,45,97,0
Merged_CoBo0_AsAd0_2026-03-11T06:45:04.264_0000.root,1,68,83,0
Merged_CoBo0_AsAd0_2026-03-11T06:47:04.264_0000.root,1,137,63,0
Merged_CoBo0_AsAd0_2026-03-11T06:49:04.263_0000.root,1,43,13,0
Merged_CoBo0_AsAd0_2026-03-11T06:51:04.405_0000.root,1,36,97,0
Merged_CoBo0_AsAd0_2026-03-11T06:53:04.263_0000.root,1,30,96,0
Merged_CoBo0_AsAd0_2026-03-11T06:55:04.263_0000.root,1,36,97,0
Merged_CoBo0_AsAd0_2026-03-11T06:57:04.264_0000.root,1,35,97,0
Merged_CoBo0_AsAd0_2026-03-11T06:59:04.262_0000.root,1,31,97,0
Merged_CoBo0_AsAd0_2026-03-11T07:01:03.843_0000.root,1,37,97,0
Merged_CoBo0_AsAd0_2026-03-11T07:03:04.262_0000.root,1,38,97,0
Merged_CoBo0_AsAd0_2026-03-11T07:05:03.966_0000.root,1,36,97,0
Merged_CoBo0_AsAd0_2026-03-11T07:07:04.262_0000.root,1,41,97,0
Merged_CoBo0_AsAd0_2026-03-11T07:09:04.262_0000.root,1,47,97,0
Merged_CoBo0_AsAd0_2026-03-11T07:11:04.050_0000.root,1,45,97,0
Merged_CoBo0_AsAd0_2026-03-11T07:13:04.262_0000.root,1,39,97,0
Merged_CoBo0_AsAd0_2026-03-11T07:15:04.262_0000.root,1,39,97,0
Merged_CoBo0_AsAd0_2026-03-11T07:17:04.261_0000.root,1,31,97,0
Merged_CoBo0_AsAd0_2026-03-11T07:19:04.261_0000.root,1,40,97,0
Merged_CoBo0_AsAd0_2026-03-11T07:21:04.261_0000.root,1,28,97,0
Merged_CoBo0_AsAd0_2026-03-11T07:23:04.261_0000.root,1,32,97,0
Merged_CoBo0_AsAd0_2026-03-11T07:25:04.261_0000.root,1,43,97,0
Merged_CoBo0_AsAd0_2026-03-11T07:27:04.261_0000.root,1,35,97,0
Merged_CoBo0_AsAd0_2026-03-11T07:29:04.261_0000.root,1,47,97,0
Merged_CoBo0_AsAd0_2026-03-11T07:31:04.260_0000.root,1,41,97,0
Merged_CoBo0_AsAd0_2026-03-11T07:33:03.859_0000.root,1,57,96,0
Merged_CoBo0_AsAd0_2026-03-11T07:35:04.259_0000.root,1,41,96,0
Merged_CoBo0_AsAd0_2026-03-11T07:37:04.259_0000.root,1,38,97,0
Merged_CoBo0_AsAd0_2026-03-11T07:39:04.327_0000.root,1,40,97,0
Merged_CoBo0_AsAd0_2026-03-11T07:41:04.259_0000.root,1,38,97,0
Merged_CoBo0_AsAd0_2026-03-11T07:43:04.259_0000.root,1,41,96,0
Merged_CoBo0_AsAd0_2026-03-11T07:45:04.258_0000.root,1,46,97,0
Merged_CoBo0_AsAd0_2026-03-11T07:47:04.258_0000.root,1,33,97,0
Merged_CoBo0_AsAd0_2026-03-11T07:49:04.258_0000.root,1,34,97,0
Merged_CoBo0_AsAd0_2026-03-11T07:51:04.257_0000.root,1,34,97,0
Merged_CoBo0_AsAd0_2026-03-11T07:53:04.258_0000.root,1,40,97,0
Merged_CoBo0_AsAd0_2026-03-11T07:55:04.258_0000.root,1,31,97,0
Merged_CoBo0_AsAd0_2026-03-11T07:57:04.256_0000.root,1,48,97,0
Merged_CoBo0_AsAd0_2026-03-11T07:59:04.257_0000.root,1,33,97,0
Merged_CoBo0_AsAd0_2026-03-11T08:01:04.257_0000.root,1,47,97,0
Merged_CoBo0_AsAd0_2026-03-11T08:03:04.256_0000.root,1,39,97,0
Merged_CoBo0_AsAd0_2026-03-11T08:05:04.257_0000.root,1,46,97,0
Merged_CoBo0_AsAd0_2026-03-11T08:07:04.257_0000.root,1,30,97,0
Merged_CoBo0_AsAd0_2026-03-11T08:09:04.256_0000.root,1,38,97,0
Merged_CoBo0_AsAd0_2026-03-11T08:11:04.256_0000.root,1,26,97,0
Merged_CoBo0_AsAd0_2026-03-11T08:13:04.255_0000.root,1,79,82,0
Merged_CoBo0_AsAd0_2026-03-11T08:15:03.994_0000.root,1,90,2,0
Merged_CoBo0_AsAd0_2026-03-11T08:17:03.995_0000.root,1,69,1,0
Merged_CoBo0_AsAd0_2026-03-11T08:19:04.243_0000.root,1,100,49,0
Merged_CoBo0_AsAd0_2026-03-11T08:21:04.163_0000.root,1,46,96,0
Merged_CoBo0_AsAd0_2026-03-11T08:23:04.255_0000.root,1,204,33,0
Merged_CoBo0_AsAd0_2026-03-11T08:25:03.878_0000.root,1,189,15,0
Merged_CoBo0_AsAd0_2026-03-11T08:27:04.254_0000.root,1,42,97,0
Merged_CoBo0_AsAd0_2026-03-11T08:29:04.254_0000.root,1,43,97,0
Merged_CoBo0_AsAd0_2026-03-11T08:31:03.898_0000.root,1,36,96,0
Merged_CoBo0_AsAd0_2026-03-11T08:33:04.316_0000.root,1,41,97,0
Merged_CoBo0_AsAd0_2026-03-11T08:35:03.862_0000.root,1,2371,76,0
Merged_CoBo0_AsAd0_2026-03-11T08:37:03.850_0000.root,1,2373,53,0
Merged_CoBo0_AsAd0_2026-03-11T08:39:04.254_0000.root,1,1415,19,0
Merged_CoBo0_AsAd0_2026-03-11T08:41:03.905_0000.root,1,37,0,0
Merged_CoBo0_AsAd0_2026-03-11T08:43:04.319_0000.root,1,45,94,0
Merged_CoBo0_AsAd0_2026-03-11T08:45:04.253_0000.root,1,34,97,0
Merged_CoBo0_AsAd0_2026-03-11T08:47:04.122_0000.root,1,51,97,0
Merged_CoBo0_AsAd0_2026-03-11T08:49:04.253_0000.root,1,30,97,0
Merged_CoBo0_AsAd0_2026-03-11T08:51:04.252_0000.root,1,30,97,0
Merged_CoBo0_AsAd0_2026-03-11T08:53:04.252_0000.root,1,35,97,0
Merged_CoBo0_AsAd0_2026-03-11T08:55:04.252_0000.root,1,36,97,0
Merged_CoBo0_AsAd0_2026-03-11T08:57:04.253_0000.root,1,46,97,0
Merged_CoBo0_AsAd0_2026-03-11T08:59:04.253_0000.root,1,47,97,0
Merged_CoBo0_AsAd0_2026-03-11T09:01:04.252_0000.root,1,47,97,0
Merged_CoBo0_AsAd0_2026-03-11T09:03:04.252_0000.root,1,33,97,0
Merged_CoBo0_AsAd0_2026-03-11T09:05:04.252_0000.root,1,51,97,0
Merged_CoBo0_AsAd0_2026-03-11T09:07:04.251_0000.root,1,42,97,0
Merged_CoBo0_AsAd0_2026-03-11T09:09:04.392_0000.root,1,32,96,0
Merged_CoBo0_AsAd0_2026-03-11T09:11:04.252_0000.root,1,49,97,0
Merged_CoBo0_AsAd0_2026-03-11T09:13:04.251_0000.root,1,57,97,0
Merged_CoBo0_AsAd0_2026-03-11T09:15:04.319_0000.root,1,43,97,0
Merged_CoBo0_AsAd0_2026-03-11T09:17:04.251_0000.root,1,39,97,0
Merged_CoBo0_AsAd0_2026-03-11T09:19:04.252_0000.root,1,37,97,0
Merged_CoBo0_AsAd0_2026-03-11T09:21:04.251_0000.root,1,58,97,0
Merged_CoBo0_AsAd0_2026-03-11T09:23:04.252_0000.root,1,67,97,0
Merged_CoBo0_AsAd0_2026-03-11T09:25:04.252_0000.root,1,83,97,0
Merged_CoBo0_AsAd0_2026-03-11T09:27:03.912_0000.root,1,113,97,0
Merged_CoBo0_AsAd0_2026-03-11T09:29:04.252_0000.root,1,110,97,0
Merged_CoBo0_AsAd0_2026-03-11T09:31:04.231_0000.root,1,128,97,0
Merged_CoBo0_AsAd0_2026-03-11T09:33:03.881_0000.root,1,209,97,0
Merged_CoBo0_AsAd0_2026-03-11T09:35:03.869_0000.root,1,242,97,0
Merged_CoBo0_AsAd0_2026-03-11T09:37:03.998_0000.root,1,277,97,0
Merged_CoBo0_AsAd0_2026-03-11T09:39:04.252_0000.root,1,334,97,0
Merged_CoBo0_AsAd0_2026-03-11T09:41:03.854_0000.root,6,408,93,0
Merged_CoBo0_AsAd0_2026-03-11T09:43:04.252_0000.root,2,5,97,0
Merged_CoBo0_AsAd0_2026-03-11T09:45:04.251_0000.root,2,4,97,0
Merged_CoBo0_AsAd0_2026-03-11T09:47:04.251_0000.root,2,6,97,0
Merged_CoBo0_AsAd0_2026-03-11T09:49:04.251_0000.root,2,1,97,0
Merged_CoBo0_AsAd0_2026-03-11T09:51:04.251_0000.root,2,8,97,0
Merged_CoBo0_AsAd0_2026-03-11T09:53:04.251_0000.root,2,4,97,0
Merged_CoBo0_AsAd0_2026-03-11T09:55:04.251_0000.root,2,8,97,0
Merged_CoBo0_AsAd0_2026-03-11T09:57:04.319_0000.root,2,5,97,0
Merged_CoBo0_AsAd0_2026-03-11T09:59:04.251_0000.root,2,5,97,0
Merged_CoBo0_AsAd0_2026-03-11T10:01:04.251_0000.root,2,3,97,0
Merged_CoBo0_AsAd0_2026-03-11T10:03:04.251_0000.root,2,5,97,0
Merged_CoBo0_AsAd0_2026-03-11T10:05:04.250_0000.root,2,4,97,0
Merged_CoBo0_AsAd0_2026-03-11T10:07:04.250_0000.root,2,2,97,0
Merged_CoBo0_AsAd0_2026-03-11T10:09:04.252_0000.root,2,10,97,0
Merged_CoBo0_AsAd0_2026-03-11T10:11:04.250_0000.root,2,2,97,0
Merged_CoBo0_AsAd0_2026-03-11T10:13:04.250_0000.root,2,5,97,0
Merged_CoBo0_AsAd0_2026-03-11T10:15:04.250_0000.root,2,8,97,0
Merged_CoBo0_AsAd0_2026-03-11T10:17:04.250_0000.root,2,84,44,0
Merged_CoBo0_AsAd0_2026-03-11T10:19:04.249_0000.root,2,32,2,0
Merged_CoBo0_AsAd0_2026-03-11T10:21:04.319_0000.root,2,4,97,0
Merged_CoBo0_AsAd0_2026-03-11T10:23:04.249_0000.root,2,5,97,0
Merged_CoBo0_AsAd0_2026-03-11T10:25:04.248_0000.root,2,6,97,0
Merged_CoBo0_AsAd0_2026-03-11T10:27:04.247_0000.root,2,7,97,0
Merged_CoBo0_AsAd0_2026-03-11T10:29:04.246_0000.root,2,6,97,0
Merged_CoBo0_AsAd0_2026-03-11T10:31:04.246_0000.root,2,5,97,0
Merged_CoBo0_AsAd0_2026-03-11T10:33:04.314_0000.root,2,10,95,0
Merged_CoBo0_AsAd0_2026-03-11T10:35:04.245_0000.root,2,13,97,0
Merged_CoBo0_AsAd0_2026-03-11T10:37:04.244_0000.root,2,10,97,0
Merged_CoBo0_AsAd0_2026-03-11T10:39:04.313_0000.root,2,8,97,0
Merged_CoBo0_AsAd0_2026-03-11T10:41:04.244_0000.root,2,11,97,0
Merged_CoBo0_AsAd0_2026-03-11T10:43:04.244_0000.root,2,11,97,0
Merged_CoBo0_AsAd0_2026-03-11T10:45:04.310_0000.root,2,5,97,0
Merged_CoBo0_AsAd0_2026-03-11T10:47:04.243_0000.root,2,8,97,0
Merged_CoBo0_AsAd0_2026-03-11T10:49:04.242_0000.root,2,3,97,0
Merged_CoBo0_AsAd0_2026-03-11T10:51:04.242_0000.root,2,9,97,0
Merged_CoBo0_AsAd0_2026-03-11T10:53:04.242_0000.root,2,5,97,0
Merged_CoBo0_AsAd0_2026-03-11T10:55:03.884_0000.root,2,9,97,0
Merged_CoBo0_AsAd0_2026-03-11T10:57:04.241_0000.root,2,11,97,0
Merged_CoBo0_AsAd0_2026-03-11T10:59:04.241_0000.root,2,3,97,0
Merged_CoBo0_AsAd0_2026-03-11T11:01:04.242_0000.root,2,4,97,0
Merged_CoBo0_AsAd0_2026-03-11T11:03:04.242_0000.root,2,24,82,0
Merged_CoBo0_AsAd0_2026-03-11T11:05:04.241_0000.root,2,4,97,0
Merged_CoBo0_AsAd0_2026-03-11T11:07:04.241_0000.root,2,8,97,0
Merged_CoBo0_AsAd0_2026-03-11T11:09:04.240_0000.root,2,6,97,0
Merged_CoBo0_AsAd0_2026-03-11T11:11:04.240_0000.root,2,4,97,0
Merged_CoBo0_AsAd0_2026-03-11T11:13:04.241_0000.root,2,3,97,0
Merged_CoBo0_AsAd0_2026-03-11T11:15:04.240_0000.root,2,5,97,0
Merged_CoBo0_AsAd0_2026-03-11T11:17:04.240_0000.root,2,5,97,0
Merged_CoBo0_AsAd0_2026-03-11T11:19:04.239_0000.root,2,10,97,0
Merged_CoBo0_AsAd0_2026-03-11T11:21:04.240_0000.root,2,5,97,0
Merged_CoBo0_AsAd0_2026-03-11T11:23:04.310_0000.root,2,70,65,0
Merged_CoBo0_AsAd0_2026-03-11T11:25:04.239_0000.root,2,5,97,0
Merged_CoBo0_AsAd0_2026-03-11T11:27:04.239_0000.root,2,10,97,0
Merged_CoBo0_AsAd0_2026-03-11T11:29:04.238_0000.root,2,1,97,0
Merged_CoBo0_AsAd0_2026-03-11T11:31:04.239_0000.root,2,106,2,0
Merged_CoBo0_AsAd0_2026-03-11T11:33:04.239_0000.root,6,0,97,0
Merged_CoBo0_AsAd0_2026-03-11T11:35:04.239_0000.root,2,8,97,0
Merged_CoBo0_AsAd0_2026-03-11T11:37:04.239_0000.root,2,4,97,0
Merged_CoBo0_AsAd0_2026-03-11T11:39:04.238_0000.root,2,1,97,0
Merged_CoBo0_AsAd0_2026-03-11T11:41:04.238_0000.root,2,10,97,0
Merged_CoBo0_AsAd0_2026-03-11T11:43:04.239_0000.root,2,5,97,0
Merged_CoBo0_AsAd0_2026-03-11T11:45:04.238_0000.root,2,1,97,0
Merged_CoBo0_AsAd0_2026-03-11T11:47:04.374_0000.root,2,6,97,0
Merged_CoBo0_AsAd0_2026-03-11T11:49:04.238_0000.root,2,5,97,0
Merged_CoBo0_AsAd0_2026-03-11T11:51:04.238_0000.root,2,6,97,0
Merged_CoBo0_AsAd0_2026-03-11T11:53:04.237_0000.root,2,3,97,0
Merged_CoBo0_AsAd0_2026-03-11T11:55:04.238_0000.root,2,6,97,0
Merged_CoBo0_AsAd0_2026-03-11T11:57:04.239_0000.root,2,10,97,0
Merged_CoBo0_AsAd0_2026-03-11T11:59:04.238_0000.root,2,8,97,0
Merged_CoBo0_AsAd0_2026-03-11T12:01:04.237_0000.root,2,6,97,0
Merged_CoBo0_AsAd0_2026-03-11T12:03:04.237_0000.root,2,2,97,0
Merged_CoBo0_AsAd0_2026-03-11T12:05:04.237_0000.root,2,85,27,0
Merged_CoBo0_AsAd0_2026-03-11T12:07:04.236_0000.root,2,94,10,0
Merged_CoBo0_AsAd0_2026-03-11T12:09:04.235_0000.root,2,6,97,0
Merged_CoBo0_AsAd0_2026-03-11T12:11:04.235_0000.root,2,7,97,0
Merged_CoBo0_AsAd0_2026-03-11T12:13:04.235_0000.root,2,4,97,0
Merged_CoBo0_AsAd0_2026-03-11T12:15:04.235_0000.root,2,7,97,0
Merged_CoBo0_AsAd0_2026-03-11T12:17:04.234_0000.root,2,5,97,0
Merged_CoBo0_AsAd0_2026-03-11T12:19:04.234_0000.root,2,5,97,0
Merged_CoBo0_AsAd0_2026-03-11T12:21:04.233_0000.root,2,3,97,0
Merged_CoBo0_AsAd0_2026-03-11T12:23:04.233_0000.root,2,6,97,0
Merged_CoBo0_AsAd0_2026-03-11T12:25:04.232_0000.root,2,4,97,0
Merged_CoBo0_AsAd0_2026-03-11T12:27:04.233_0000.root,2,2,97,0
Merged_CoBo0_AsAd0_2026-03-11T12:29:04.233_0000.root,2,6,97,0
Merged_CoBo0_AsAd0_2026-03-11T12:31:04.232_0000.root,2,4,97,0
Merged_CoBo0_AsAd0_2026-03-11T12:33:04.231_0000.root,2,3,97,0
Merged_CoBo0_AsAd0_2026-03-11T12:35:04.231_0000.root,2,6,97,0
Merged_CoBo0_AsAd0_2026-03-11T12:37:04.231_0000.root,2,9,97,0
Merged_CoBo0_AsAd0_2026-03-11T12:39:04.232_0000.root,6,0,15,0
